Model,Threshold,Reached,Train_Size,Test_Size,Dataset_Fraction,Test_Accuracy,Macro_F1
BiLSTM,70.0,False,47631,12288,1.0,60.432942708333336,58.59319946065119
Logistic Regression,70.0,False,47631,12288,1.0,59.5703125,59.26953642811483
Random Forest,70.0,False,38104,9830,0.8,56.55815530688369,52.65737250183096
SVM,70.0,False,47631,12288,1.0,58.53678385416666,55.640809367425184
VADER,70.0,False,9526,2457,0.2,53.46628679962013,53.31589607614182
